{
	"LoggedIn" : {
		"denied" : {
			"Login" : ["index"]
		},
		"Login" : ["changepassword", "logout"],
		"Restricted" : ["*"]
	},

	"Guest" : {
		"denied" : {},
		"Login" : ["index", "login"],
		"Restricted" : ["*"]
	},

	"User" : {
		"denied" : {},
		"Dashboard" : ["*"],
		"Lecture" : ["index"],
		"Signatures" : ["*"],
		"Processor" : ["*"],
		"Restricted" : ["*"]
	},

	"Administrator" : {
		"denied" : {
			"signatures" : ["*"],
			"Processor" : ["signings"]
		},
		"Login" : ["*"],
		"Dashboard" : ["*"],
		"Lecture" : ["*"],
		"Lecturer" : ["*"],
		"Programmes" : ["*"],
		"Attandance" : ["*"],
		"Makeup" : ["*"],
		"Project" : ["*"],
		"Submission" : ["*"],
		"Register" : ["*"],
		"Processor" : ["*"],
		"Restricted" : ["*"]
	}


}