{
	"Dashboard" : "Dashboard",
	"Lecture" : "Lecture",
	"Lecturers Management" : {
		"Assign Courses" : "Lecturer",
		"Register Lecturer" : "Lecturer/assigncourse"
	},
	"Lectures Management" : {
		"Schedule Lecture" : "lecture/add",
		"MakeUp Lecture" : "makeup",
		"Add Courses" : "lecture/addcourse"
	},
	"Lecturers Attendance" : {
		"Lecturers SignIn" : "Signatures",
		"Lecturers SignOut" : "Signatures/signout"
	},
	"Programmes Management" : {
		"Add Program" : "programmes",
		"View Program" : "programmes/programmes"
	},
	"Attandance" : "Attandance",
	"Register" : "Register"

}